ID Number,ZIP Code,Neighborhood or City,street,Number of People Detained,City,State
5457,60623,North Lawndale,1915 South Trumbull Avenue,1,Chicago,IL
5610,60632,Chicago - Brighton Park,43rd and Talman,1,Chicago,IL
5600,60630,Chicago - Irving Park,N Kostner Ave W Sunnyside Ave,1,Chicago,IL
5594,60139,Glendale Heights,2264 Century Point Ln Glendale Heights,1,,
5573,60615,Chicago - Hyde Park,S Woodlawn Ave E 54th St,2,Chicago,IL
5571,60632,Chicago - Brighton Park,3322 W 47th St,2,Chicago,IL
5575,60641,Chicago - Belmont Cragin,Belmont Lavergne,1,Chicago,IL
5521,60647,Chicago - Logan Square,3421 W Armitage,1,Chicago,IL
5516,60647,Chicago - Logan Square,3408 W Armitage Ave,1,Chicago,IL
5519,60647,Chicago - Logan Square,kimball and armitage,1,Chicago,IL
5524,60070,Prospect Heights,NA,1,,
5413,60004,Palatine,Best Buy 615 E Palatine Rd,2,,
5425,60004,Chicago -,615 E Palatine Rd Arlington Heights Parking Lot,2,Chicago,IL
5462,60478,Country Club Hills,Ravisloe Teff Country Club Hills,1,,
5463,60603,Chicago - Loop,55 E Monroe St suite 1500,2,Chicago,IL
5564,60632,Chicago - Brighton Park,55th California,1,Chicago,IL
5414,60056,Mt. Prospect,Algonquin Dearborn Ct httpsmapsappgooglgbjs4SgcVktnKspq8gst=ipc,1,,
5424,60609,Chicago - New City,S Paulina St W 49th St,2,Chicago,IL
5499,60527,Willowbrook,7800 South Kingery Highway Willowbrook,4,,
5500,?????,Immigration Court - location unknown,Immigration Court,2,,
5498,60505,Aurora,778 Fulton St,1,Aurora,
5410,60008,Rolling Meadows,3000 Kirchoff Rd,1,Rolling Meadows,
5357,60714,Chicago -,809 Civic Center Dr Niles,1,Chicago,IL
5538,60714,Niles,901 Civic Center Dr Niles,1,,
5356,60202,60201,Home Depot on Oakton,2,,
5402,60804,Cicero,Home Depot in,9,Cicero,IL
5408,60123,Elgin,State and National,1,Elgin,IL
5567,60067,Palatine,1087 N King Charles Ct Palatine,5,,
5355,60201,Evanston,Green Bay and Asbury,2,Evanston,
5400,60201,Evanston,2300 Green Bay Rd,4,Evanston,
5396,60804,Cicero,1500 S 59th Ct,1,Cicero,IL
5379,60804,Cicero,2803 S Ave,1,Cicero,IL
5363,60074,Palatine,Walmart in Palatine,2,,
5478,60609,Chicago - New City,4747 S Marshfield Ave,1,Chicago,IL
5480,60609,Chicago - New City,4555 S Western Blvd,1,Chicago,IL
5473,60623,Chicago - South Lawndale,27th St,1,Chicago,IL
5465,60609,Chicago - Washington Park,5336 S State St,5,Chicago,IL
5470,60623,Chicago - South Lawndale,S Kedvale Ave W 26th St,1,Chicago,IL
5390,60623,Chicago - South Lawndale,2728 S Harding,1,Chicago,IL
5447,60609,Chicago - Washington Park,5336 S State St,5,Chicago,IL
5446,60133,Hanover Park,1898 Hartmann Dr Hanover Park,1,,
5444,60638,Chicago - Garfield Ridge,S Ave S Archer Ave,1,Chicago,IL
5352,60609,Chicago - New City,W 47th St S Hermitage Ave,1,Chicago,IL
5440,60632,Chicago - Brighton Park,W 45th St S Rockwell St,1,Chicago,IL
5441,60632,Chicago - Brighton Park,S Western Ave W 50th St,1,Chicago,IL
5433,60652,Chicago - Ashburn,W 71st St Ave,1,Chicago,IL
5438,60632,Chicago - Brighton Park,2916 W 47th St,1,Chicago,IL
5430,60609,Chicago - New City,W 47th St S Hermitage Ave,1,Chicago,IL
5432,60632,Chicago - Brighton Park,4544 S California Ave,1,Chicago,IL
5487,60609,Chicago - New City,S Paulina St W 49th St,2,Chicago,IL
5427,60804,Cicero,3320 S Ave,1,Cicero,IL
5476,60609,Chicago - New City,4430 S Marshfield Ave,2,Chicago,IL
5342,60455,Bridgeview,Harlem Ave and Roberts Rd,1,,
5334,60455,"Bridgeview, IL",87th St and Oketo,1,,
5348,60106,Bensenville,Church and Grand Avenue,2,,
5369,60510,batavia,2002 W Wilson St Batavia,1,,
5328,60465,Palos Hills,S Harlem Ave 105th St,2,,
5335,60455,Palos Hills/Chicago Ridge/Bridgeview,105th and Harlem,2,Chicago,IL
5301,60090,Addison,College BLVD,1,,
5300,60090,Wheeling,225 Carpenter Ave,1,,
5299,60090,Wheeling,Palatine Wolf Rd,1,,
5265,60630,Chicago - Albany Park,N Pulaski Rd W Wilson Ave,1,Chicago,IL
5270,60175,St. Charles,37W777 38 St Charles,1,,
5272,60559,Westmont,921 Pasquinelli Dr Westmont,1,,
5269,60630,Chicago - Jefferson Park,N Luna Ave W Catalpa Ave,1,Chicago,IL
5298,60415,Chicago Ridge,Harlem and 95th Ridge,1,Chicago,IL
5296,60139,Glendale,Glen Ellyn Rd and Army Trail Rd Glendale heights,1,,
5295,60164,Northlake,37 W North Ave Northlake,2,,
5250,60804,Cicero,W 26th St S Austin Blvd,2,Cicero,IL
5313,60804,Chicago - Cicero,NA,2,Cicero,IL
5309,60438,Chicago - Lancing,2710 170th St Lansing,1,Chicago,IL
5312,60639,Chicago - Belmont Cragen,2309 N Mango Ave,2,Chicago,IL
5310,60090,Chicago - Wheeling,Hunt Club Apartments 350 Inland Dr 1B Wheeling,1,Chicago,IL
5258,60188,Carol Stream,610 Willow Wood Dr,1,,
5261,60406,Blue Island,greenwood and prairie,1,Blue Island,
5263,60465,Palos Hills,103rd St and 88th Ave,1,,
5214,60435,Joliet,1401 W Jefferson St,1,Joliet,
5209,60104,Bellwood,NA,1,,
5211,60126,Elmhurst,430 N West Ave Elmhurst,1,,
5199,60174,St Charles,Third St Charles,1,,
5196,60175,St. Charles,Kane County Complex 37W777 38 St Charles,2,,
5197,60188,Carol Stream,505 Gundersen Dr Carol Stream,1,,
5189,60189,Wheaton IL,West St and Childs St in Wheaton,1,,
5195,60106,Bensenville,Corner of Hillside and Marcher Ave,1,,
5171,60624,Chicago - Humboldt Park,700 N Ridgeway Ave,1,Chicago,IL
5179,60651,Chicago - Austin,N Leclaire Ave W Division St,1,Chicago,IL
5177,60445,Crestwood,50 W 143rd St Crestwood,1,,
5172,60133,Hanover Park,Hanover Park,2,,
5169,60640,Chicago - Uptown,4638 N Kenmore Ave,1,Chicago,IL
5140,60439,"Lemont, IL",9700 Lemont Rd Lemont,1,,
5150,60645,Chicago - West Ridge,Ridge and Lunt,1,Chicago,IL
5151,60120,Elgin,Liberty and Columbia,1,Elgin,IL
5133,60630,Chicago - Old Irving Park,N Elston and N Kennicott,2,Chicago,IL
5137,60106,Bensenville,116 George St Bensenville,1,,
5111,60187,Wheaton,207 N Wheaton Ave Wheaton,1,,
5187,60004,Chicago - Arlington Heights,BP Kennicott Ave and Dundee Rd Arlington Heights linois,1,Chicago,IL
5186,60640,Chicago - Uptown,Kenmore and Balmoral,1,Chicago,IL
5125,60131,Franklin Park,Fullerton and 25th,1,,
5165,60632,Chicago - Brighton Park,Archer Francisco,1,Chicago,IL
5083,60191,Wood Dale,Catalpa Ave E Irving Park Rd Wood Dale,2,,
5167,60439,Darien,Lemont Rd 103rd St Darien,1,,
5106,60185,West Chicago,516 Main St West,1,Chicago,IL
5098,60647,Chicago - Humboldt Park,1731 N Kedzie Ave,1,Chicago,IL
5059,60618,Chicago -,N Avers and Montrose,1,Chicago,IL
5060,60639,Chicago -,FullertonLongAltgeld,1,Chicago,IL
5058,60617,Chicago -,87th and Escanaba,2,Chicago,IL
5064,nozip,Indiana,NA,1,,
5057,60101,Addison,100 W Lake St Addison,1,,
5061,60609,Chicago -,48th and Paulina outside the Laundromat,1,Chicago,IL
4996,60618,Chicago - Irving Park,3555 W Addison St,1,Chicago,IL
5051,60455,Bridgeview,8135 S Harlem,1,,
5078,60527,Chicago -,NA,1,Chicago,IL
5046,60175,St Charles,37W777 38 St Charles,3,,
5074,60618,Chicago - Irving Park,Irving Park and Kedzie,1,Chicago,IL
4931,60018,Des Plaines,7500 Elmhurst Rd 441 Des Plaines,1,,
4934,60660,Chicago - Edgewater Glen,W Norwood street and N Glenwood Ave,1,Chicago,IL
4937,60608,Chicago - Little Village,2650 S California Avenue,1,Chicago,IL
4947,60101,Addison,Wood Dale Rd in Addison under the I290 expressway,1,,
4911,60534,Lyons,7700 47th St Lyons,1,,
4898,60139,Glendale Heights,2264 Century Point Ln STE A Glendale Heights,1,,
4744,60505,Aurora,NA,1,Aurora,
4750,60174,St. Charles,1810 Walnut St St Charles,1,,
4748,60067,Palatine,N Schiller St E Colfax St,2,,
4753,60067,Palatine,NA,1,,
4756,60018,Rosemont,5220 Fashion Outlets Way Rosemont,2,,
4762,60139,Glendale Heights,2264 Century Point Ln,1,,
4769,60827,Calumet Park,S Ashland Ave Vermont St,1,Calumet Park,
4763,60644,Chicago - South Austin,W Ohio St N Laramie Ave,1,Chicago,IL
4882,60608,Chicago - North Lawndale,S Washtenaw Ave W 15th Pl,1,Chicago,IL
4883,60608,Chicago - Near West Side,2111 West Roosevelt Road,2,Chicago,IL
4881,60804,Cicero,2601 S Ave,2,Cicero,IL
4803,60477,Tinley Park,S Harlem Ave Tinley Park,1,,
4884,60608,Chicago - Near West Side,2111 West Roosevelt Road,1,Chicago,IL
4965,60302,Oak Park,1035 Woodbine Ave,1,Oak Park,
4885,60623,Chicago - South Lawndale,W 26th St S Troy St,4,Chicago,IL
4975,60304,Oak Park,Jackson Blvd S Ridgeland Ave,1,Oak Park,
4973,60302,Oak Park,318 S Euclid Ave,2,Oak Park,
4525,60203,Evanston,9104 Bennet,1,Evanston,
4976,60402,Berwyn,W 21st Pl East Ave Berwyn,1,,
4910,60304,Oak Park,718 S Elmwood,1,Oak Park,
4611,60402,Berwyn,19th and Clarence Berwyn,1,,
4907,60304,Oak Park,Harrison St S Lombard Ave,1,Oak Park,
4606,60304,Oak Park,301 Harrison St,1,Oak Park,
4470,60076,Skokie,7553 Kolmar Ave,5,Skokie,
4571,60085,Chicago - Waukegan,306 N Genesee Street Waukegan,1,Chicago,IL
4459,60002,Antioch,N US41 Antioch,1,,
4549,60068,Park Ridge,300 N Hamlin Ave Park Ridge,1,,
4469,60202,Evanston,1110 Judson Ave,1,Evanston,
4479,60068,Park Ridge,1000 Lois Ave Park Ridge,5,,
4475,60477,Tinley Park,NA,1,,
4478,60091,wilmette,Thornwood Ave Hunter Rd,1,,
4462,60077,Skokie,Niles Ave Oakton St,1,Skokie,
4473,60077,Skokie,Lincoln and Oakton,1,Skokie,
4476,60077,Evanston,1110 Judson,2,Evanston,
4482,60077,Skokie,1110 Hudson,1,Skokie,
4483,60077,Skokie,Blvd and Main,1,Skokie,
4546,60068,Park Ridge,NA,2,,
4660,60077,Skokie,Blvd and Main St,1,Skokie,
4587,60077,Skokie,8001 Lincoln Ave,1,Skokie,
4657,60068,Park Ridge,1715 S Grace Ave Park Ridge,1,,
4545,60068,Park Ridge,1108 S Broadway Ave Park Ridge,2,,
4709,60175,St. Charles,37W777 38 St Charles,1,,
4471,60068,Park Ridge,1108 S Broadway Ave Park Ridge,2,,
4667,60201,Evanston,Lincolnwood and Grant St,1,Evanston,
4666,60025,Glenview,2734 Central Rd Glenview,1,,
4474,60025,"Glenview, IL",2734 Central Road,1,,
4477,60077,Skokie,Ridgeway and Main,1,Skokie,
4501,60201,Evanston,Lincolnwood and Grant,1,Evanston,
4503,60070,Skokie,3809 Warren,1,Skokie,
4527,60091,Willmette,2013 Greenwood,2,,
4543,60068,Park Ridge,Courtland Ave Devon Ave Park Ridge,2,,
4671,60068,Park Ridge,Courtland Ave Devon Ave,2,,
4714,60076,Skokie,Warren and Hamlin street,1,Skokie,
4720,60076,skokie,3505 Dempster St,1,,
4480,60077,Skokie,Grove and Knox,1,Skokie,
4484,60201,Evanston,701 Florence Ave,1,Evanston,
4734,60174,St Charles,857 Stuarts Dr St Charles,2,,
4719,60189,Wheaton,W Wiesbrook Rd Stonebridge Ct,1,,
4655,60188,Carol Stream,1537 County Farm Rd Carol Stream,2,,
4524,60077,Skokie,Lincoln and Oakton,1,Skokie,
4899,60091,Wilmette,2013 Thornwood Ave Wilmette,4,,
4699,60645,Chicago - Rogers Park,W Jarvis Ave N Seeley Ave,1,Chicago,IL
4455,60201,Lincolnwood,2201 Oakton,1,,
4838,?????,Chicago - Little Village,12th Sacramento is not appearing on maps of,1,Chicago,IL
4809,60608,Chicago - Bridgeport,W 32nd Pl S Morgan St linois,1,Chicago,IL
4785,60616,Chicago - Bridgeport,30th street and lowe,1,Chicago,IL
4812,60804,Cicero,36th St S 59th Ave,1,Cicero,IL
4811,60804,Cicero,W 26th St S 58th Ave,1,Cicero,IL
4620,60302,Oak Park,500 block of Ridgeland Avenue,1,Oak Park,
4806,60632,Chicago - Brighton Park,W 46th St S Richmond St,2,Chicago,IL
4813,60804,Cicero,W Park Ave S Central Ave,1,Cicero,IL
4638,60609,Chicago - Brisgeport,3622 S Morgan St,1,Chicago,IL
4616,60304,Oak Park,Kenilworth and Jackson,1,Oak Park,
4814,60804,Cicero,S 56th Ct 37th St,1,Cicero,IL
4701,60616,Chicago - Bridgeport,W 33rd St S Wallace St,1,Chicago,IL
4837,60608,Chicago - Little Village,W 31st St S Western Ave,1,Chicago,IL
4702,60473,Chicago - Harvey,47 E 162nd St South Holland,1,Chicago,IL
4627,60608,Chicago - Pilsen,S Western Ave W 18th Pl,1,Chicago,IL
4816,60644,Chicago - The Island,Roosevelt Rd S Austin Blvd,1,Chicago,IL
4605,60834,Cicero,Roosevelt and Austin,1,Cicero,IL
4834,60623,Chicago - Little Village,S Whipple St W 25th St,1,Chicago,IL
4818,60804,Cicero,W 21st St S 59th Ave,1,Cicero,IL
4833,?????,Chicago - Little Village,NA,1,Chicago,IL
4819,60804,Cicero,22nd Pl S 49th Ave,1,Cicero,IL
4830,?????,Chicago - Little Village,MdM church,1,Chicago,IL
4829,60623,Chicago - Little Village,3132 W 26th St,1,Chicago,IL
4828,60623,Chicago - Little Village,2358 S Trumbull Ave,3,Chicago,IL
4807,60608,Chicago - Bridgeport,S Archer Ave S Lock St linois,1,Chicago,IL
4808,60616,Chicago - Bridgeport,W 30th St S Union Ave linois,1,Chicago,IL
4826,60623,Chicago - Little Village,S Kildare Ave W 27th St,1,Chicago,IL
4854,60623,Chicago -,Various look above,1,Chicago,IL
4820,60402,Berwyn,Ave 24th St Berwyn,1,,
4824,60623,Chicago - Little Village,S Kedzie Ave W 27th St,1,Chicago,IL
4822,60623,Chicago - Little Village,W 26th St S Millard Ave,1,Chicago,IL
4821,60804,Cicero,NA,1,Cicero,IL
4851,60181,Chicago -,701 W North Ave Villa Park,1,Chicago,IL
4846,60440,Chicago -,205 Remington Blvd Bolingbrook,1,Chicago,IL
4827,60623,Chicago - Little Village,W 27th St S Pulaski Rd,1,Chicago,IL
4448,60076,Skokie,8218 N Karlov,1,Skokie,
4672,60076,Skokie,Cleveland St and N Crawford Ave,1,Skokie,
4643,60645,Chicago - Rogers Park,3042 W Jarlath St,1,Chicago,IL
4642,60645,Chicago - West Rogers Park,7234 N Sacramento Ave West Ridge,2,Chicago,IL
4943,60018,Desplaines,NA,3,,
4682,60626,Chicago - Rogers Park,bosworth and pratt,1,Chicago,IL
4658,60660,Chicago - Edgewater,NA,1,Chicago,IL
4678,60005,Arlington Heights,E Davis St S Bristol Ln,1,,
4662,60707,Elmwood Park,1600 Block of 77th Court Elmwood Park,1,,
4675,60016,Des Plaines,1433 E Walnut Ave Des Plaines,1,,
2,60056,Mount Prospect,E Thayer St N Yates Ln,1,,
3,60062,North Brook,3650 Salem Walk Northbrook,1,,
4,60062,Northbrook (unincorporated),3658 Salem Walk Northbrook,1,,
4500,60181,NA,Willowbrook High School 1250 S Ardmore Avenue Villa Park,1,,
8,60639,NA,Diversity and Monitor,1,,
9,60618,NA,2550 W Addison,1,,
4919,60645,Chicago - West Ridge,6554 N Rockwell St,1,Chicago,IL
4458,60634,Chicago - Dunning,Irving Park Rd N Cumberland Ave,1,Chicago,IL
19,60707,Elmwood Park,7500 North Ave Elmwood Park,1,,
21,60647,Chicago - Logan Square,N California Ave N Milwaukee Ave,4,Chicago,IL
4457,60639,Chicago - Logan Square,N Pulaski Rd W Fullerton Ave,1,Chicago,IL
33,60614,Chicago - Lincoln Park,1730 W Fullerton Ave,1,Chicago,IL
34,60647,Chicago - Logan Square,2631 N Kedzie Ave,1,Chicago,IL
4435,60647,Chicago - Logan Square,NA,1,Chicago,IL
40,60614,Bucktown,2550 N Clybourn Ave,1,,
41,60432,Joliet,E Van Buren St N Scott St,1,Joliet,
43,60202,Skokie,McCormick and Oakton,1,Skokie,
44,60714,Niles,8051 Oakton St Niles,1,,
51,60060,Mundelein,E Orchard St S Shaddle Ave Mundelein,1,,
4466,60647,Chicago - Logan Square,2134 N Western Ave,1,Chicago,IL
60,60618,Chicago - North Center,3445 N Western Ave,1,Chicago,IL
61,60505,Aurora,25 E Indian Trail Rd,1,Aurora,
63,60647,Chicago - Logan Square,N Richmond St N Milwaukee Ave,1,Chicago,IL
64,60133,Hanover Park,Walnut Ave Church St Hanover Park,1,,
65,60605,NA,Rural St and Margaret Lane,1,,
4438,60601,Chicago - Loop,188 N State St,1,Chicago,IL
79,60016,NA,1670 Ellinwood St Des Plaines,1,,
82,60056,NA,1801 Algonquin Rd Mt Prospect,1,,
102,60645,NA,W Touhy Ave and N Damen Ave,2,Chicago,IL
108,60608,NA,2650 S California Ave 526,1,Chicago,IL
109,60659,NA,Devon and Fairfield,1,,
112,60659,NA,Devon and Fairfield,1,,
113,60659,West Ridge,Devon and Albany,1,,
114,60645,NA,W Devon Ave N California Ave,1,,
119,60660,NA,1647 Rosehill,1,,
120,60645,NA,Fairfield and Albion,1,Chicago,IL
121,60640,NA,Broadway and Winnemac,1,,
122,60660,NA,Glenwood and Thome,1,,
123,"60618, 60640, and 60625",NA,NA,1,,
124,60640,NA,1430 W Carmen,1,,
126,60714,Niles,8650 Dempster,1,,
127,Prospect Heights,NA,974 Crabapple Dr,1,,
129,60645,NA,6601 n Fairfield,1,Chicago,IL
133,60070,NA,664 N Milwaukee Ave Prospect Heights,2,,
135,60540,NA,440 N River Rd Naperville,5,,
136,60659,NA,Devon and Whipple St,1,Chicago,IL
137,60714,NA,901 Civic Center Dr Niles,2,,
145,60659,NA,Rosemont and Whipple,1,Chicago,IL
150,60714,NA,8650 Dempster St,1,,
166,60714,Niles,8650 Dempster,2,,
4523,60104,Bellwood,Village of Bellwood Municipal Building 3200 Washington Blvd Bellwood,1,,
4601,60513,Brookfield,Raymond Ave Sahler Ave Brookfield,1,,
4494,60526,Lagrange Park,507 E Woodlawn Ave La Grange Park,2,,
4581,60061,Vernon Hills,32 Fernwood Ct Vernon Hills,1,,
4488,60160,Melrose park,1254 Winston plaza Melrose Park,1,,
4516,60126,Elmhurst,493 S York st Elmhurst,2,,
4487,60402,Forest View,4511 S Harlem Ave Forest View,3,,
4514,60160,Melrose Park,106 N 17th Ave Melrose Park,6,,
4493,60160,melrose park,N 19th Ave Lake St MELROSE PARK,1,,
4596,60501,Summit,7329 W 57th Pl Summit,1,,
171,60103,NA,Bartlett Rd W Lake St Bartlett,1,,
179,60090,NA,W Dundee Rd N Elmhurst Rd Wheeling,1,,
181,60101,NA,N Rohlwing Rd W Rampart Rd Addison,1,,
182,60410,NA,W Bluff Rd Channahon,1,,
186,60505,NA,1033 E Galena Blvd,1,,
188,60506,NA,Black Oak Trail and Fallen Oak Trail,2,,
189,60506,NA,101 S River St,1,,
191,NA,Aurora,NA,3,Aurora,
194,60506,NA,Elmwood and Sullivan,1,,
196,60185,NA,Rt 59 and Rt 64 West,1,Chicago,IL
199,60505,NA,E New York St Trask St,1,,
214,60202,Evanston,NA,1,Evanston,
215,60651,Chicago - East Garfield Park,3807 W Division St,1,Chicago,IL
218,60612,NA,N Leavitt St W Huron St,3,,
222,60016,NA,Amherst and Harvard Des Plaines,2,,
227,60201,Evanston,440 Dodge Ave,1,Evanston,
229,60053,Morton Grove,8931 Major Ave Morton Grove,1,,
232,60202,NA,Asbury Ave Oakton St,3,,
233,60517,NA,woodridge area,2,,
4550,60068,Park Ridge,201 East Ave Park Ridge,1,,
4798,60202,Evanston,507 Asbury Avenue Oakton and Asbury,3,Evanston,
4445,60056,Mount Prospect,N William St Mount Prospect,1,,
241,60626,NA,7414 N Wolcott Ave,1,Chicago,IL
243,60076,Skokie,Cleveland St Kilpatrick Ave,1,Skokie,
244,60056,NA,10 S Maple St Mount Prospect,1,,
246,60625,NA,N Avers Ave W Lawrence Ave,1,Chicago,IL
248,60076,Skokie,Main St N Kildare Ave,1,Skokie,
251,60056,NA,Albert and Northwest Highway Mount Prospect,1,,
252,60056,NA,200 block of Lewis and Evergreen Mount Prospect,1,,
253,60181,NA,4th and Summit Villa Park,1,,
254,60056,NA,Lewis and Evergreen Mt Prospect,1,,
256,60056,NA,12 S Maple St Mount Prospect,1,,
260,60201,Evanston,Greenwood St Dodge Ave,1,Evanston,
261,60201,Evanston,Bennett Ave Lincoln St,1,Evanston,
265,60202,NA,Main St Ave,1,Chicago,IL
271,60201,Evanston,Crain St Wesley Ave,2,Evanston,
278,60056,NA,Golf and Busse Mount Prospect,4,,
280,60056,Mount Prospect,Golf Rd Busse Rd,4,,
289,60202,Evanston,600 Mulford St,2,Evanston,
290,60618,Chicago - Albany Park,W Montrose Ave N Spaulding Ave,1,Chicago,IL
292,60202,Evanston,Crain Street,1,Evanston,
294,60625,Chicago - Albany Park,West Ainslie Street and North Avers Avenue,1,Chicago,IL
295,60016,NA,654 Arlington Ave Des Plaines,1,,
297,60517,NA,Argonne Dr Woodridge,1,,
303,60618,Chicago - Irving Park,N Kimball Ave W Waveland Ave,1,Chicago,IL
304,60625,Chicago - Ravenswood,3224 W Lawrence Ave,2,Chicago,IL
306,60625,Chicago - Albany Park,3739 W Argyle St,1,Chicago,IL
308,60612,NA,N Leavitt St W Huron St,3,,
309,60625,Chicago - Albany Park,N Avers Ave W Ainslie St,1,Chicago,IL
311,60106,Bensenville,8 Elm Court Apartments,3,,
312,60202,Evanston,Oakton and Sherman,1,Evanston,
313,60005,Rolling Meadows,Weber Dr W Algonquin Rd,2,Rolling Meadows,
314,60008,Rolling Meadows,2212 W Algonquin Rd,2,Rolling Meadows,
317,60160,Melrose Park,Ave N 15th Ave,1,Chicago,IL
328,60101,NA,141 S Villa Ave Addison,1,,
4588,60047,Long Grove,2700 Lake Cook Rd Long Grove,1,,
337,60090,NA,Schoenbeck Rd Wheeling,1,,
341,60070,NA,405 Walden Lane Prospect Heights,1,,
342,60004,NA,4235 N Walnut Ave Arlington Heights,2,,
4694,60302,Chicago - Oak Park,255 Augusta St,1,Oak Park,IL
343,60302,NA,N Cuyler Ave,1,,
346,60305,NA,Augusta St Bonnie Brae River Forest,1,,
347,60090,NA,150 e dundee rd,2,,
4693,60651,Chicago - Austin,Midway Mayfair,2,Chicago,IL
4585,60090,Wheeling,403 Inland Dr Wheeling,2,,
4692,60302,Oak Park,142 N Humphrey Ave,2,Oak Park,
4695,60302,Oak Park,400 block of Scoville unclear if N Scoville Ave or S Scoville Ave,1,Oak Park,
366,60505,NA,Broadway Downer,1,,
368,60632,NA,4307 S Archer Ave,1,,
369,60090,NA,403 Inland Dr Wheeling,2,,
383,60517,Woodridge,North Creek Adbeth,2,,
388,60517,Chicago -,Woodridge North Creek Adbeth,2,Chicago,IL
4582,60031,Gurnee,500 N OPlaine Rd Gurnee,2,,
395,60438,Chicago -,Burnham Ave Lansing,1,Chicago,IL
4697,60438,Lansing,Torrence Ave Lansing,1,,
398,60517,Woodridge,international Parkway Morey Drive,1,,
425,60056,NA,309 Hawthorne CirMt Prospect,2,,
426,60659,NA,2112 W Peterson,1,,
427,60658,NA,2112 W Peterson Ave,1,Chicago,IL
442,60053,NA,Linder ave and Monroe,2,,
450,60625,NA,N PulaskiW Lawrence,1,,
451,60625,NA,5553 N Washtenaw Ave,3,Chicago,IL
4589,60085,Park City,3249 Belvidere Rd Park City,2,,
469,60197,NA,Carol Stream North Avenue and Gary,1,,
474,60402,NA,Ogden and 16th Menards and Thorntons,3,,
476,60031,NA,6040 Gurnee Mills Circle E Gurnee,2,,
488,60623,NA,W 26th St Central Park Ave,1,Chicago,IL
494,60402,NA,1600 Ave Berwyn,2,,
498,60018,NA,1101 E Oakton St Des Plaines,1,,
503,60070,NA,1 N Wolf Rd Prospect Heights,1,,
505,60804,NA,4629 W Cermak Rd,1,,IL
509,60651,NA,1410 N Springfield Ave,2,Chicago,IL
512,60651,NA,N Hamlin Ave W Grand Ave,3,Chicago,IL
516,60609,NA,W 43rd St S Marshfield Ave,1,Chicago,IL
519,60804,NA,2333 S Ave,1,,IL
523,60172,NA,E Elm St S Prospect St Roselle,1,,
524,60623,NA,West 26th Street S Troy St,1,Chicago,IL
533,60632,NA,2916 W 47th St,2,Chicago,IL
534,60622,NA,W Le Moyne St N California Ave,1,Chicago,IL
540,60623,NA,NA,1,,
548,60188,NA,535 Thornhill Dr Carol Stream,2,,
550,60056,NA,W Victoria Dr Busse Rd Mt Prospect,1,,
558,60453,NA,4740 W 95th St Oak Lawn,1,,
559,60617,NA,NA,1,,
561,60406,NA,Old Western Ave Broadway St Blue Island,1,,
5194,60053,Morton Grove,6301 Oakton Morton Grove,2,,
565,60482,NA,S Harlem Ave W 111th St Worth,1,,
570,60098,NA,US14 Woodstock,1,,
573,60074,NA,1288 N Rand Rd,1,,
583,60194,NA,830 W Golf Road,1,,
584,60074,NA,Dundee Rd and Hicks Rd,1,,
595,unknown,NA,unknown,2,,
606,60074,NA,1100 block of Road,1,,
607,60018,NA,Oakton St between Mount Prospect Rd and Wolf Rd Des Plaines,1,,
608,60411,NA,1657 Rd Heights,1,Chicago,IL
610,60074,NA,1190 E Dundee Rd,1,,
617,60187,NA,S President and E Evergreen St Wheaton,1,,
622,60617,NA,108th and Avenue M,1,,
641,60619,NA,95th St and Martin Luther King Dr,1,,
643,60617,NA,Parking lot 9211 S Commercial Ave,1,Chicago,IL
655,60302,NA,North Cuyler 600 block,1,,
656,60185,NA,NA,1,,
659,60185,NA,NA,2,,
661,60185,NA,Arbor and 59,2,,
664,60185,NA,Main and Galena,2,,
671,60101,NA,NA,6,,
674,60169,NA,700 N Salem Dr,1,,
682,60074,NA,1160 E Dundee,1,,
684,60074,NA,Rand and Dundee Palatine,6,,
702,60123,NA,306 S McLean Blvd,5,,IL
708,60101,NA,396 W Lake St Addison,3,,
712,60085,NA,McAlister Ave 10th St Waukegan,1,,
713,60085,NA,Waukegan,1,,
714,60085,NA,Waukegan,1,,
715,60031,NA,401 N Riverside Dr Unit 78 Gurnee,3,,
716,60085,NA,Waukegan,1,,
717,60064,NA,North,1,Chicago,IL
735,60523,NA,linois Tollway Plaza 53 I88 Westbound Oak Brook,1,,
746,60090,NA,1455 E Lake Cook Rd Wheeling,2,,
748,60505,NA,700 S Farnsworth Ave,2,,
756,60641,"Chicago  Avondale,",3340 N Pulaski Rd,1,Chicago,IL
757,60639,"Hermosa,",Cortland and Keeler,2,Chicago,IL
758,60641,"Avondale,",3700 N Kildare Ave,3,Chicago,IL
759,60634,"Belmont Cragin,",Belmont between Troy and Albany,1,Chicago,IL
761,60647,"Logan Square,",3700 W Diversey Diversey Milwaukee,1,Chicago,IL
765,60641,"Chicago  Belmont Gardens,",Belmont and Kilbourn,1,Chicago,IL
767,60016,"Des Plaines,",Central Ave Wolf Des Plaines,1,,
798,60657,NA,3175 N Broadway,1,Chicago,IL
803,60651,NA,957 N Pulaski Rd,1,Chicago,IL
809,60126,NA,N Emroy Ave E Third St Elmhurst,1,,
812,60647,NA,1879 N Milwaukee Ave,4,Chicago,IL
819,60153,NA,8th and Lexington,1,,
823,606057,NA,W Roscoe St N Lakewood Ave and W School St N Lakewood Ave,1,,
828,60622,NA,Cortland Hermitage,1,,
830,60640,NA,W Foster Ave N Sheridan Rd,1,,
833,60614,NA,W Diversey Pkwy N Pine Grove Ave,1,,
841,60614,NA,433 W Diversey Parkway,1,,
851,60642,NA,1355 W Concord Pl,7,Chicago,IL
858,60614,NA,N Larrabee St W Armitage Ave,1,,
859,60074,NA,1555 N Rand Rd Palatine,1,,
860,60625,NA,N Sawyer Ave W Wilson Ave,3,,
864,60614,NA,N Mohawk St W Wisconsin St,1,,
865,60642,NA,N Cleaver St W Blackhawk St,1,,
866,60622,NA,N Damen Ave W Division St,1,,
868,60657,NA,W Belmont Ave N Broadway,2,,
869,60614,NA,N Racine Ave W Wrightwood Ave,1,,
870,60174,NA,NA,3,,
871,60614,NA,1900 N Mohawk St,1,Chicago,IL
872,60642,NA,W North Ave Ashland Ave,1,,
873,60614,NA,W Lasalle Dr N Stockton Dr,1,,
875,60614,NA,1647 N La Salle Dr,2,Chicago,IL
876,60614,NA,N Racine Ave W Schubert Ave,1,,
877,60614,NA,N Racine Ave W Schubert Ave,1,,
878,60164,NA,Grand Ave and Northwest HWY county line by the I294 bridge,1,,
881,60622,NA,Winchester,1,,
882,60657,NA,W Belmont Ave N Broadway,2,,
885,60622,NA,1701 W Superior,1,,
891,60614,NA,W Wrightwood Ave N Seminary Ave,1,,
894,60612,NA,2233 W Ohio St,1,Chicago,IL
895,60614,NA,N Racine Ave W Schubert Ave,1,,
898,60561,NA,I55 northbound and Lemont,2,,
902,60053,NA,NA,1,,
907,60625,NA,3034 W Foster,1,,
912,NA,Carol Stream,NA,1,,
913,60101,NA,1 Friendship plaza intersection of Lake Street and JF Kennedy Drive,1,,
915,60005,NA,1305 E Algonquin Rd Arlington Heights,3,,
949,60609,NA,3516 wallace,1,,
955,60453,NA,State Rd W 87th St Oak Lawn,1,,
961,60623,NA,NA,1,,
979,60608,NA,NA,1,,
984,60106,NA,Bensenville,1,,
992,60623,NA,3115 W 26th St,3,Chicago,IL
996,60623,NA,26th and Karlove,1,,
1027,60623,NA,26th Kostner,1,,
1028,60623,NA,Millard 27th Detention,1,,
1029,60623,NA,31st Pulaski,2,,
1031,60623,NA,27th Sawyer,1,,
1032,60623,NA,Little Village,15,,
1033,60107,NA,HP Streamwood RRT,3,,
1035,60201,NA,Niles RRT,8,,
1036,60120,NA,RRT,3,,IL
1039,60123,NA,Mulberry and at McLean,1,,
1040,60623,NA,26th and Kildare,1,,
1047,60455,NA,NA,1,,
1058,60194,NA,10491143 N Salem Dr Schaumburg,1,,
1068,60643,NA,NA,2,,
1070,60647,NA,2808 W North ave,2,,
1084,60101,NA,511 N Addison Rd Addison,1,,
1094,60804,Cicero,South on cicero,1,Cicero,IL
1101,60192,Hoffman Estates,700 N Salem Dr,1,Hoffman Estates,
1102,60644,Oak Park,N Lamon Ave W Madison St,2,Oak Park,IL
1106,60053,NA,Waukegan and Church,4,,
1108,60120,Elgin,near Prospect,1,Elgin,IL
1115,60188,Carol Stream,64 Ave North between Gary and county farm,1,,
1123,60101,NA,701 E Lake St Addison,1,,
1138,60618,NA,W Cullom Ave N Lawndale Ave,1,Chicago,IL
1140,60440,NA,293 S Bolingbrook Dr Bolingbrook,1,,
1145,60133,NA,7435 Barrington Rd Hanover Park,1,,
1146,60618,NA,N Whipple St W Montrose Ave,2,Chicago,IL
1150,60446,NA,Veterans Pkwy Romeoville,2,,
1151,60645,NA,7030 N Sacramento Ave,1,Chicago,IL
1153,60202,NA,Monroe St Dewey Ave,2,,
1162,60659,NA,6100 N Campbell Ave,1,Chicago,IL
1163,60202,NA,Monroe St Sherman Ave,1,,
1167,60645,NA,W Devon Ave N California Ave,1,Chicago,IL
1169,60645,NA,72197225 N Hamilton Ave,1,Chicago,IL
1170,60645,NA,West Ridge,1,Chicago,IL
1171,60490,NA,1295 Lily Cache Ln Bolingbrook,1,,
1175,60712,NA,3333 W Touhy Ave Lincolnwood,1,,
1177,60202,NA,Ridge Ave Howard St,2,,
1178,60659,NA,N California Ave W Granville Ave,1,Chicago,IL
1180,60089,NA,Glendale Rd Bernard Dr Buffalo Grove,4,,
1181,60659,NA,N Drake Ave W Rosemont Ave,1,Chicago,IL
1183,60640,NA,1633 W Rascher Ave,1,Chicago,IL
1185,60618,NA,W Montrose Ave N California Ave,2,Chicago,IL
1186,60645,NA,6601 N Western Ave,2,Chicago,IL
1187,60504,NA,Montgomery Rd Hill Ave,2,,
1188,60625,NA,N Lawndale Ave W Lawrence Ave,1,Chicago,IL
1190,60640,NA,W Balmoral Ave Ashland Ave,1,Chicago,IL
1191,60618,NA,W Montrose Ave N Francisco Ave,2,Chicago,IL
1195,60660,NA,6030 N Kenmore Ave,3,Chicago,IL
1196,60659,NA,6211 N Lincoln Ave,1,Chicago,IL
1205,60202,NA,2201 Oakton St,1,,
1206,60202,NA,2260 Oakton St,1,,
1247,NA,Melrose Park,NA,1,,
1251,60402,Berwyn,Cermakbetween Ridgeland and Cuyler,1,,
1256,60623,Chicago - Humboldt Park,25th and Pulaski,1,Chicago,IL
1261,60304,Oak Park,1111 S Grove Ave,1,Oak Park,
1262,60175,St. Charles,37W777 38,1,,
1263,60302,Oak Park,Ave Harvard St,1,Oak Park,
1267,60804,Cicero,Laramie and 23rd Pl,3,Cicero,IL
1268,NA,Berwyn,NA,1,,
1269,60644,Chicago - Austin,2423 S Austin Blvd,1,Chicago,IL
1272,NA,Elmwood Park,NA,1,,
1273,60101,Addison,510 W Lake St,1,,
1285,60160,Melrose Park,3215 W North Ave Melrose Park,1,,
1286,NA,Melrose Park,NA,1,,
1290,60305,River Forest,617 Franklin Ave,3,,
1293,60618,Chicago - Logan Square,N Pulaski Rd W Oakdale Ave,1,Chicago,IL
1294,60634,Chicago - Belmont Central,Intersection of Belmont and Central,2,Chicago,IL
1298,60634,Chicago - Belmont Heights,W Belmont Ave N Overhill Ave,2,Chicago,IL
1300,60609,Chicago - Back of the Yards,S Loomis Blvd W 49th St,2,Chicago,IL
1319,60525,NA,9912 W 58th St Countryside,1,,
1321,60623,NA,2639 S St Louis Ave,1,Chicago,IL
1329,60506,NA,S Russell Ave W Galena Blvd,1,,
1333,60090,Wheeling,S Milwaukee E Dundee Rd Wheeling,1,,
1335,60056,Mount Prospect,1805 Algonquin Rd Mt Prospect,1,,
1336,60090,Wheeling,550 W Dundee Rd Wheeling,3,,
1337,60008,Rolling Meadows,2212 W Algonquin Rd,5,Rolling Meadows,
1338,60074,NA,1324 N Rand Rd Palatine,1,,
1341,NA,Waukegan,NA,1,,
1350,60008,Rolling Meadows,Algonquin Rd and Weber Dr,4,Rolling Meadows,
1351,60455,Chicago  Bridgeview,Thomas Ave East of Root 83 Bridgeview,1,Chicago,IL
1353,60440,Bollingbrook,431 Remington Boulevard Bolingbrook linois,1,,
1376,60406,Blue Island,Western Ave York St Blue Island,1,Blue Island,
1382,60637,NA,6122 S Greenwood Ave,1,Chicago,IL
1383,60609,NA,W 43rd St S Western Ave,1,Chicago,IL
1390,60617,NA,9701 S Ewing Ave,1,Chicago,IL
1391,60637,Chicago - Hyde Park,61st and Greenwood Ave,1,Chicago,IL
1393,60469,Posen,147th and Kedzie Posen,1,,
1396,60181,Villa Park,50 E North Ave Villa Park,1,,
1398,60406,Blue Island,2450 Vermont St Blue Island,1,Blue Island,
1402,Villa Park,NA,,1,,
1404,60617,NA,S Torrence Ave E 99th St,1,Chicago,IL
1405,60181,Villa Park,not provided,1,,
1408,60666,Chicago - O'Hare,OHare Airport parking lot,11,Chicago,IL
1412,60190,Winfield,Geneva Rd and County Farm Rd Winfield,9,,
1418,60666,O'Hare Airport,W OHare Ave,1,Chicago,IL
1434,60152,McHenry,3811 Main Street,1,,
1435,60517,Woodbridge,103rd St and Woodword Ave in Woodbridge,2,,
1452,60084,Wauconda,625 W Liberty Wauconda,6,,
1462,60073,Volo,Volo Wilson Nursey,8,,
5193,60659,Lincolnwood,6211 Lincoln,2,Chicago,IL
1488,61102,Rockford,S Church St Loomis St Rockford,1,,
1498,60118,West Dundee,8th St Canterfield Pkwy West Dundee,1,,
1505,60026,Glenview,2850 Patriot Blvd Glenview,2,,
1521,60632,Chicago- Gage Park,50th and Western,1,Chicago,IL
1533,60632,Chicago- Brighton Park,archer and california,2,Chicago,IL
1535,60632,Chicago- Brighton Park,3800 S Archer 47th and western,3,Chicago,IL
1554,60615,Hyde Park,5200 s university ave,1,,
1560,60120,Elgin,Robert Gilliam Municipal Complex 150 Dexter Ct,2,Elgin,IL
1563,60632,Midway,5200 S Pulaski,1,,
1567,60609,BOTY,47th and Marshfield,1,,
1571,60609,Back of the Yards,47th and Ashland,1,,
1573,60452,Oak Forest,5220 159th St Oak Forest,3,,
1582,60609,BOTY,1621 west 47th street,1,,
1590,60202,Evanston,1724 Oakton St,1,Evanston,
1597,60607,West Loopish,Canal and Taylor,1,,
1613,NA,Chicago - Brighton Park,NA,2,Chicago,IL
1624,60085,Waukegan,1100 on belvedere road,3,,
1627,60085,Waukegan,Keller and Dodge,6,,
1640,60609,Chicago - Brighton Park,48th Hermitage,1,Chicago,IL
1642,60110,Carpentersville,1200 L W Besinger Dr Carpentersville,12,,
1644,60632,Chicago - Brighton Park,43rd Honore,1,Chicago,IL
1645,60609,Chicago - Brighton Park,47th Wolcott,2,Chicago,IL
1647,60056,Mount Prospect,1729 Algonquin Rd Mt Prospect,2,,
1649,60617,Chicago - South Chicago,E 85th St S Buffalo Ave,2,Chicago,IL
1652,60609,Chicago - Back of the Yards,S Wolcott Ave W 45th St,1,Chicago,IL
1660,60609,Chicago - Brighton Park,W 47th St S Western Ave,3,Chicago,IL
1665,60517,Woodridge,1020 Davey Rd Woodridge,2,,
1667,60120,Elgin,10 S Geneva St,2,Elgin,IL
1675,60623,Chicago - Little Village,W 25th St S Hamlin Ave,1,Chicago,IL
1676,60007,Elk Grove Village,Scott St E Higgins Rd Elk Grove Village,1,,
1683,60018,Des Plaines,1500 Lee St Des Plaines,1,,
1693,60623,Chicago - Little Village,2434 S Kildare Ave,1,Chicago,IL
1701,60008,Rolling Meadows,2121 Euclid Ave,1,Rolling Meadows,
1713,60617,Chicago - East Side,3611 East 106th St,1,Chicago,IL
1717,60608,Chicago - Douglass Park,S California Ave W 16th St,4,Chicago,IL
1718,60617,Chicago - South Chicago,3050 E 92nd St,1,Chicago,IL
1721,60617,Chicago - South Chicago,9101 S Commercial Ave,1,Chicago,IL
1728,60628,Chicago - Pullman,S Doty Ave,2,Chicago,IL
1733,60601,Chicago - Loop,ClarkLake,1,Chicago,IL
1743,60139,Glendale Heights,Century Point Ln Glendale Heights,1,,
1744,60629,Chicago - West Lawn,W 61st Pl S Lawndale Ave,1,Chicago,IL
1745,60628,Chicago - West Pullman,E Kensington Ave S Indiana Ave,1,Chicago,IL
1749,60637,Chicago - Woodlawn,6230 S Dorchester Ave,1,Chicago,IL
1759,60901,Kankakee,880 W Station St Kankakee,1,,
1776,60632,Chicago - Brighton Park,43rd and Artesian,1,Chicago,IL
1780,60609,Chicago - Back of the Yards,47th and Damen,2,Chicago,IL
1790,60609,Chicago - Back of the Yards,51st and Racine,4,Chicago,IL
1794,60031,Gurnee,801 Lakeside Drive,3,,
1799,60101,Addison,246 W Lake St Addison,2,,
1807,60085,Waukegan,Grand and Martin,1,,
1809,60085,Waukegan,Ash and Grand,1,,
1810,60085,Waukegan,Grand and Butrick,1,,
1811,60064,Waukegan,1119 10th St North,2,Chicago,IL
1819,60085,Waukegan,2001 Belvidere Rd Waukegan,1,,
1820,60064,Waukegan,821 10th St North,1,Chicago,IL
1821,60609,Chicago - Back of the Yards,47th and Western,1,Chicago,IL
1823,60609,Chicago - McKinley Park,38th and Paulina,2,Chicago,IL
1826,60085,Waukegan,Ash and Center,1,,
1848,60459,Burbank,79th Central Burbank,1,,
1853,60056,Mount Prospect,2000 Algonquin Rd Mt Prospect,2,,
1863,60645,Chicago - West Ridge,6518 N Mozart St,1,Chicago,IL
1871,60459,Burbank,83rd Burbank,1,,IL
1873,60805,Evergreen Park,95th Pulaski Evergreen Park,1,,
1874,60625,Chicago - Albany Park,4546 N Kedzie Ave,2,Chicago,IL
1877,60618,Chicago - Albany Park,Sunnyside Kimball,1,Chicago,IL
1899,60638,Bedford Park,7050 S Ave Bedford Park,1,,IL
1905,60632,Chicago - Archer Heights,W 55th St S Komensky Ave,1,Chicago,IL
1909,60659,Chicago - West Ridge,6211 N Lincoln Ave,1,Chicago,IL
1914,60202,Evanston,2201 Oakton St,2,Evanston,
1917,60632,Chicago - West Lawn,5500S Pulaski,1,Chicago,IL
1918,60636,Chicago - Gage Park,W 58th St S Artesian Ave,1,Chicago,IL
1919,60629,Chicago - Gage Park,5820 S Homan Ave,1,Chicago,IL
1921,60626,Chicago - Rogers Park,6650 N CLark,1,Chicago,IL
1927,60626,Chicago - Rogers Park,Clark and North Shore ave,1,Chicago,IL
1935,60505,Aurora,1410 E New York St,1,Aurora,
1951,60025,Glenview,2701 Central Rd Glenview,1,,
1958,60056,Mount Prospect,2000 Algonquin Rd Mt Prospect,1,,
1974,60618,Chicago - Logan Square,Belmont and Kimball,1,Chicago,IL
1976,60641,Chicago - Portage Park,and Wellington,1,Chicago,IL
1977,60638,Chicago - Archer Heights,4950 S Lamon,1,Chicago,IL
1987,60632,Chicago - Archer Heights,4343 W 47th St,1,Chicago,IL
1988,60629,Chicago - West Elsdon,57th and Pulaski,1,Chicago,IL
2000,60707,Chicago - Belmont Cragin,2555 N Normandy Ave,1,Chicago,IL
2003,60638,Stickney Township,48th Latrobe Stickney Township,1,,
2016,60804,Cicero,31st and,1,Cicero,IL
2018,60632,Chicago - Archer Heights,Laramie and Archer,1,Chicago,IL
2024,60639,Chicago - Hermosa,1919 N Ave,1,Chicago,IL
2027,60638,Chicago - Archer Heights,48th and Leclaire,1,Chicago,IL
2028,60638,Chicago - Archer Heights,4950 S Lamon,1,Chicago,IL
2030,60804,Cicero,2601 S Ave,1,Cicero,IL
2036,60638,Chicago - Archer Limits,4800 S Latrobe Ave,1,Chicago,IL
2044,60651,Chicago - Humboldt Park,959 N Hamlin Ave,1,Chicago,IL
2045,60638,Chicago - Garfield Ridge,5000 S Central Ave,1,Chicago,IL
2048,60064,North Chicago,2200 Lewis Ave North,1,Chicago,IL
2049,60085,Park City,Mary Avenue Park City,1,,
2052,60085,Waukegan,10th St Waukegan Township,2,,
2053,60064,Waukegan,1119 10th St North,7,Chicago,IL
2059,60666,Schiller Park,Irving park Rd and Manheim Rd Schiller Park,1,,
2064,60123,Elgin,1700 Larkin Ave,1,Elgin,IL
2080,60169,Hoffman Estates,Glendale and Morton Street,1,Hoffman Estates,
2087,60007,Elk Grove Village,345 Criss Circle,1,,
2088,60666,Chicago - O'Hare,OHare Airport,2,Chicago,IL
2095,NA,unknown,NA,1,,
2100,60626,Chicago - Rogers Park,Sheridan and Loyola,3,Chicago,IL
2105,60630,Chicago - Albany Park,Lawrence and,1,Chicago,IL
2109,60640,Chicago - Andersonville,Ashland and Winnemac,1,Chicago,IL
2115,60640,Chicago - Uptown,W Leland Ave N Magnolia Ave,1,Chicago,IL
2118,60623,Chicago - Little Village,Cermak Troy,1,Chicago,IL
2120,60657,Chicago - Lake View,W Eddy St N Clark St,1,Chicago,IL
2122,60657,Chicago - Southport,3400 N Greenview Ave,1,Chicago,IL
2125,60618,Chicago - Roscoe Village,3700 N Bell Ave,2,Chicago,IL
2126,60608,Chicago - Pilsen,Damen and Cermak,2,Chicago,IL
2128,60640,Chicago - Uptown,4650 N Clark Ave,1,Chicago,IL
2131,60608,Chicago - Pilsen,21st and Damen,1,Chicago,IL
2138,60625,Chicago - Albany Park,N Lawndale Ave W Lawrence Ave,1,Chicago,IL
2139,60625,Chicago - Albany Park,Lawrence St Louis,1,Chicago,IL
2141,60188,Carol Stream,107 E North Ave Carol Stream,1,,
2143,60640,Chicago - Edgewater,5445 N Sheridan Rd,1,Chicago,IL
2144,60640,Chicago - Edgewater,5445 N Sheridan Rd,1,Chicago,IL
2145,60642,Chicago - Fulton Market,1231 W Grand Ave,2,Chicago,IL
2146,60645,Chicago - West Ridge,N Western Ave W Touhy Ave,6,Chicago,IL
2148,60091,Kenilworth,3205 Old Glenview Rd Wilmette,1,,
2151,60625,Chicago - Lincoln Square,N Western Ave W Winnemac Ave,1,Chicago,IL
2152,60622,Chicago - West Town,1639 W Hubbard St,2,Chicago,IL
2159,60133,Hanover Park,6768 Barrington Rd Hanover Park,2,,
2160,60625,Chicago - Lincoln Square,Foster and Western,2,Chicago,IL
2161,60625,Chicago - Lincoln Square,N Lincoln Ave W Foster Ave,1,Chicago,IL
2166,60630,Chicago - Albany Park,Lawrence,2,Chicago,IL
2167,60630,Chicago - Albany Park,Lawrence,1,Chicago,IL
2175,60188,Carol Stream,North Ave Gary Ave,2,,
2180,60091,Wilmette,3205 Old Glenview Rd Wilmette,1,,
2184,60639,chicago - hermosa,44994447 W Dickens Ave,1,Chicago,IL
2193,NA,Carol Stream,NA,1,,
2203,60714,Evanston/Niles Township,6411 N Lincoln,1,Evanston,
2212,60646,Evanston/Niles Township,Milwaukee Devon,1,Evanston,
2221,60008,Rolling Meadows,Kirchoff and Meadows,2,Rolling Meadows,
2242,60609,Chicago - Back of the Yards,48th and Wolcott,1,Chicago,IL
2245,60076,Evanston/Niles Township,Hospital 9600 Gross Point Rd,1,Evanston,
2248,60639,Chicago - NW,Wrightwood Drake,1,Chicago,IL
2249,60639,Chicago- Hermosa,4555 West armitage,2,Chicago,IL
2252,60455,Bridgeview,Nottingham and 81st Pl,1,,
2254,60639,Chicago - NW,Armitage Kilbourn,2,Chicago,IL
2255,60639,Chicago - NW,Armitage,1,Chicago,IL
2256,60455,Bridgeview,82nd St and Nottingham,1,,
2257,60609,Chicago- Back of the Yards,53 and Ashland,3,Chicago,IL
2267,60455,Bridgeview,76th and Scholer,2,,
2272,60638,Summit,74th Avenue and 61st pl,1,,
2276,NA,Bolingbrook,NA,1,,
2277,60501,Summit,6101 75th Ave Summit,1,,
2279,60505,Aurora,733 Ave,3,Aurora,
2291,NA,Bridgeview,NA,1,,
2293,60505,Aurora,632 E New York St,1,Aurora,
2294,60609,Chicago- Back of the Yards,5300 S Loomis Blvd,1,Chicago,IL
2297,60706,Evanston/Niles Township,Norridge,1,Evanston,
2305,60609,Back of the Yards,W 44th St and S Hermitage Ave,1,,
2308,60053,Evanston/Niles Township,5800 Dempster Morton Grove,1,Evanston,
2311,60629,Chicago - West Lawn,3635 W 67th St,1,Chicago,IL
2315,60631,Chicago - Norwood Park,I90 East,1,Chicago,IL
2316,60053,Morton Grove,9301 Waukegan Rd Morton Grove,2,,
2333,60025,Glenview,La Fontaine Ln Glenview,6,,
2341,60804,Cicero,Roosevelt and 58th,1,Cicero,IL
2342,60053,Morton Grove,6003 W Dempster St Morton Grove,1,,
2349,60053,Morton Grove,Marmora Ave Cleveland St Morton Grove,2,,
2357,NA,Skokie,NA,1,Skokie,
2358,60402,Berwyn,Roosevelt and Ridgeland,1,,
2367,60085,Waukegan,2932 Belvidere Rd Waukegan,1,,
2376,60123,Elgin,554 Melrose Ct,1,Elgin,IL
2385,60302,Oak Park,Ridgeland Ave North Ave,1,Oak Park,
2386,60623,Chicago - Little Village,W 24th St S Springfield Ave,1,Chicago,IL
2393,60714,Niles,901 civic center drive home depot,1,,
2398,60618,Chicago - Belmont Cragin,3801 W Belmont Ave,1,Chicago,IL
2402,60618,Chicago - Avondale,Gas Station on Belmont and Milwaukee,3,Chicago,IL
2413,46394,"Whiting, Indiana",St John the Baptist School,1,,
2431,60644,Chicago - South Austin,50 W Lake St,1,Chicago,IL
2432,60304,Oak Park,520 S Maple Ave,1,Oak Park,
2435,60155,North Riverside,Cermak Rd S 13th Ave North Riverside,2,,
2443,60153,Maywood,1500 Maybrook Dr Maywood,2,,
2453,60804,Cicero,Rio Lavenderia 1914 S Ave,3,Cicero,IL
2457,60402,Berwyn,Cermak Rd Elmwood Ave Berwyn,1,,
2458,60804,Berwyn,W 22nd St S Ave,1,,IL
2460,60459,Burbank,7770 S Ave Burbank,1,,IL
2468,60402,Berwyn,Lombard Ave 24th St Berwyn,1,,
2469,60804,Cicero,6119 W Cermak Rd,2,Cicero,IL
2476,60073,Round Lake Park,215 E Main St Round Lake Park,2,,
2487,60085,Waukegan,100 N Martin Luther King Jr Ave Waukegan,1,,
2489,60651,Chicago - Austin,N Laramie Ave W Division St,1,Chicago,IL
2500,60651,Chicago - NWS,Homan Division,2,Chicago,IL
2501,60647,Chicago - NWS,North Kedzie,1,Chicago,IL
2502,60639,Chicago - NWS,Pulaski Diversey,1,Chicago,IL
2503,60639,Chicago - NWS,Palmer Kildare,1,Chicago,IL
2504,60639,Chicago - NWS,W North Ave N Tripp Ave,3,Chicago,IL
2507,60639,Chicago - Hermosa,W Palmer St N Keating Ave,1,Chicago,IL
2510,60085,Waukegan,N West St Washington St Waukegan,1,,
2513,60527,Burr Ridge,460 Village Center Dr Burr Ridge,1,,
2515,60085,Waukegan,34 N Sheridan Rd Waukegan,1,,
2516,60639,Chicago - NWS,North Kostner,1,Chicago,IL
2518,60714,Niles,6954 W Johnquil Niles,1,,
2519,60647,Chicago - NW / Humboldt Park,N Kedzie Ave W North Ave,1,Chicago,IL
2523,60061,Vernon Hills,493 N Milwaukee Ave Vernon Hills,1,,
2529,60647,Chicago - Humboldt Park,1842 N Humboldt Boulevard,1,Chicago,IL
2530,60647,Chicago - NWS,Humboldt Cortland,1,Chicago,IL
2531,60714,Niles,8236 Oak Ave Niles,1,,
2535,60651,Chicago - NWS,Humboldt Cortez,1,Chicago,IL
2537,60085,Waukegan,Glen Rock Ave Belvidere Rd Waukegan,1,,
2538,60188,Carol Stream,291 S Schmale Rd Carol Stream,1,,
2545,60714,Niles,W Park Ave N Maryland St Niles,2,,
2571,60005,Arlington Heights,1130 New Wilke Rd Arlington Heights,1,,
2577,NA,Palatine,NA,1,,
2657,NA,Cicero,NA,1,Cicero,IL
2659,60632,Chicago - Brighton Park,Kedzie between 39th and 49th,2,Chicago,IL
2672,60402,Berwyn,7043 Cermak Rd Berwyn,2,,
2679,60085,Waukegan,Jackson and 10th Street Waukegan,1,,
2688,60085,Waukegan,900 Adams St,3,,
2689,60085,Waukegan,10th and Jackson St,1,,
2692,60632,Chicago - Brighton Park,42nd and Kedzie,1,Chicago,IL
2695,60402,Berwyn,6343 26th St Berwyn,1,,
2701,60402,Cicero,6343 26th St Berwyn,1,Cicero,IL
2702,60085,Waukegan,2001 Belvidere Rd Waukegan,2,,
2704,60185,West Chicago,1330 S Neltnor Blvd West,2,Chicago,IL
2705,60632,Chicago - Gage Park,5151 S Kedzie Ave,2,Chicago,IL
2706,60402,Cicero and Berwyn,26th and Ridgeland,1,Cicero,IL
2715,60804,Cicero,Ogden and Laramie,1,Cicero,IL
2723,60632,Chicago - Brighton Park,43rd and Christiana,3,Chicago,IL
2733,60647,Chicago - Humboldt Park,N Rockwell St and W North Ave,1,Chicago,IL
2751,60632,Galewood,4343 W 44th Pl,1,Chicago,IL
2753,60632,Chicago - Archer Heights,4343 W 44th Pl,1,Chicago,IL
2774,60804,Cicero,6037 W Cermak Rd Indios Restaurant,1,Cicero,IL
2781,60622,Chicago - Humbolt Park,1044 N Francisco Ave,1,Chicago,IL
2800,60632,Chicago - Brighton Park,S Albany Ave W 37th Place,1,Chicago,IL
2801,60623,Chicago - Little Village,W 27th St S Harding Ave,1,Chicago,IL
2802,60623,Chicago - Little Village,27th and Harding Streets,1,Chicago,IL
2804,60804,Cicero,2601 S Ave,1,Cicero,IL
2805,60707,Chicago - Belmont Cragin,Fullerton Long Ave,1,Chicago,IL
2807,46327,"Hammond, IN",150th St Beech Ave,1,,
2808,60623,Chicago - Little Village,27th and S Harding,2,Chicago,IL
2812,60639,Chicago - Hermosa,Armitage,1,Chicago,IL
2825,60630,Chicago - Kimball,Lawrence Pulaski,1,Chicago,IL
2829,60632,Chicago - Brighton Park,Western 46th Street,1,Chicago,IL
2830,60804,Cicero,Home Depot in,1,Cicero,IL
2831,60804,Cicero,2803 S Ave,1,Cicero,IL
2832,60609,Chicago - Brighton Park,4555 S Western Blvd,2,Chicago,IL
2833,60639,Chicago - Logan Square,Fullerton Tripp,1,Chicago,IL
2838,60169,Hoffman Estates,1075 Knoll Ln,2,Hoffman Estates,
2839,60169,Hoffman Estates,700 block of Hill Drive in,2,Hoffman Estates,
2840,60618,Chicago - Kimball,N Avers Ave W Montrose Ave,1,Chicago,IL
2841,60630,Chicago - Kimball,N Pulaski Rd W Lawrence Ave,1,Chicago,IL
2850,60630,Chicago - Albany Park,4705 N Knox Ave,1,Chicago,IL
2875,60173,Schaumburg,2010 w Algonquin,2,,
2876,60459,Chicago- Burbank,7910 S Ave Burbank,3,Chicago,IL
2878,60804,Cicero,40th and,1,Cicero,IL
2889,60632,Chicago - Brighton Park,Pulaski and 51st,1,Chicago,IL
2893,NA,Waukegan,NA,1,,
2899,60632,Chicago- Brighton Park,Multiple see notes,8,Chicago,IL
2900,60506,Aurora,Highland and Indian Trail,1,Aurora,
2903,60609,Chicago - SW / BOTY,1701 W 47th St,1,Chicago,IL
2907,60026,Glenview,2850 Patriot Blvd Glenview,2,,
2922,60639,Chicago - Hermosa,Armitage,1,Chicago,IL
2924,60651,Chicago - Humboldt Park,N Harding Ave W Division St,3,Chicago,IL
2926,60632,Chicago - West Elsdon,3943 W 47th St,2,Chicago,IL
2929,60502,Aurora,Lincoln Spring Rd,2,Aurora,
2931,60651,Chicago - Humboldt Park,N Harding Ave W Thomas St,2,Chicago,IL
2934,NA,Romeoville,NA,1,,
2954,60123,Elgin,Weld and South Street,1,Elgin,IL
2961,NA,Joliet,NA,1,Joliet,
2963,60714,Niles,8706 W Golf Rd Niles,1,,
2975,60804,Cicero,2803 S Ave,1,Cicero,IL
2986,60625,Chicago - Kimball,Lawrence and Kedzie 3108 W Lawrence,1,Chicago,IL
2990,60106,Bensenville,112 bridget ct,1,,
2991,60616,Chicago - Bronzeville,26th and Calumet,3,Chicago,IL
2998,NA,Joliet,NA,1,Joliet,
3002,60630,Chicago - Albany Park,Pulaski and Lawrence,1,Chicago,IL
3004,60618,Chicago - Albany Park,3452 w Montrose Ave N St Louis Ave W Wilson Ave,2,Chicago,IL
3010,60625,Albany Park,Leland and Lawndale,1,,
3012,60639,Chicago - Belmont Cragin,Brickyard Home Depot,1,Chicago,IL
3057,NA,Chicago - Calumet Park,NA,1,Calumet Park,IL
3100,60603,Chicago - downtown,111 S Michigan Ave 6110,1,Chicago,IL
3113,60056,Mount Prospect,1902 S Elmhurst Rd Mount Prospect,2,,
3118,60004,Arlington Heights,E Miner St and N Dryden PLace Arlington Heights,1,,
3123,60609,Chicago - Back of the Yards,46th Street and Wood,1,Chicago,IL
3127,60618,Chicago,Kedzie,1,Chicago,IL
3128,60618,Chicago - Avondale,3401 W Belmont Ave,1,Chicago,IL
3130,60804,Cicero,5524 Cermak Rd STE 1,1,Cicero,IL
3135,60123,Elgin,1700 N State St 31,1,Elgin,IL
3138,60160,Melrose Park,4503 W Lake St Melrose Park,1,,
3150,NA,Elgin,NA,2,Elgin,IL
3151,60624,Chicago - West Garfield Park,55 S Kildare Ave,2,Chicago,IL
3155,60804,Cicero,48th ct,1,Cicero,IL
3157,60714,Niles,8706 W Golf Rd Niles,1,,
3160,60804,Cicero,3320 S Ave,1,Cicero,IL
3172,60302,Oak Park,North Ave Humphrey Av,2,Oak Park,
3176,NA,Niles,NA,1,,
3184,60301,Oak Park,Metra Stop at the Station,5,Oak Park,
3187,60618,Chicago - Irving Park East,W Grace St N California Ave,1,Chicago,IL
3189,60133,Hanover Park,6525 Muirfield Dr Hanover Park,1,,
3199,60433,Joliet / Chicago - SWS,1008 E Washington St,1,Joliet,IL
3225,NA,"Aurora, IL",NA,1,Aurora,
3226,60639,Hermosa,1919 N Ave,12,Chicago,IL
3242,60609,Chicago- Brighton Park,4555 S Western,5,Chicago,IL
3246,60609,Chicago- Brighton Park,4555 S Western,1,Chicago,IL
3265,60645,Chicago - Rogers Park,Howard St Western AveAsbury Ave,1,Chicago,IL
3283,60632,Cicero,I55 Entrance on,2,Cicero,IL
3291,60609,Chicago - Brighton Park,48th Ashland Ave,1,Chicago,IL
3308,60089,Buffalo Grove,1625 Leider Ln Buffalo Grove,1,,
3324,60640,Chicago - Uptown,N Racine Ave W Wilson Ave,1,Chicago,IL
3337,NA,Summit,NA,1,,
3341,60608,Chicago - McKinley Park,S Archer Ave S Damen Ave,1,Chicago,IL
3344,60169,Hoffman Estates,432 W Newport Rd,6,Hoffman Estates,
3350,60609,Chicago - Back of the Yards,W 48th St S Racine Ave,1,Chicago,IL
3358,60804,Cicero,S 50th Ave W 13th St,1,Cicero,IL
3380,60623,Chicago - Little Village,26th and western,1,Chicago,IL
3391,60608,Chicago - Pilsen,Wood and Blue Island,1,Chicago,IL
3395,60608,Chicago - Little Village,Western and Roosevelt,1,Chicago,IL
3405,60632,Chicago - Gage Park,55th and Kedzie,1,Chicago,IL
3415,60623,Chicago - North Lawndale,2415 S Kedzie,1,Chicago,IL
3420,60053,Morton Grove,7153 Golf Rd Morton Grove,1,,
3422,60638,Bedford Park,7050 S Ave Bedford Park,1,,IL
3452,60472,Robbins,Crawford Ave and Midlothian Turnpike,1,,
3458,60188,Carol Stream,North Ave and Schmale Rd Carol Streams,1,,
3461,61104,Rockford,15th Ave and Garden Rockford,1,,
3462,60120,Elgin,Hastings and LibertyRoute 25,3,Elgin,IL
3464,60120,Elgin,Dwight Liberty Street,1,Elgin,IL
3478,60402,Berwyn,Cermak and Ridgeland,1,,
3479,60625,Chicago - Albany Park,montrose and Pulaski,1,Chicago,IL
3490,60440,Bolingbrook,200 S Bolingbrook Dr Bolingbrook,1,,
3492,60609,Chicago - Back of the Yards,47th and Halsted,1,Chicago,IL
3508,60181,Villa Park,202306 W North Ave Villa Park,3,,
3511,60457,"Hickory Hills, IL",8426 W 95th St Hickory Hills,1,,
3517,60629,Chicago - West Lawn,65th and karlov,1,Chicago,IL
3520,60181,Addison,302 W North Ave,1,,
3541,60639,Chicago - Belmont Craign,Diversey and mango,1,Chicago,IL
3542,60639,Chicago - Belmont Cragin,Diversey and Mango,1,Chicago,IL
3563,NA,Pilsen,NA,1,,
3565,60623,Little Village,31st and PulaskiKominsky,1,,
3568,60617,Pullman/South Deering,S Calhoun Ave,1,Chicago,IL
3572,61350,"Ottawa, IL",1111 W McKinley Rd Ottawa,1,,
3583,60651,Chicago- Humboldt Park,Central park and Division,1,Chicago,IL
3587,60629,Chicago- Gage Park,59th Street and California Ave,1,Chicago,IL
3592,60629,Chicago- Gage Park,3215 W 63rd St,1,Chicago,IL
3598,60185,West Chicago,464 Ann St,1,Chicago,IL
3611,NA,Bolingbrook,NA,1,,
3612,60707,Chicago - Belmont Cragin,Fullerton and Menard,1,Chicago,IL
3613,60639,Chicago - NWS - Belmont,Fullerton Menard,2,Chicago,IL
3615,60609,Chicago - SWS,42nd Street Ashland Ave,2,Chicago,IL
3616,60123,Elgin,Community College 1700 Spartan Dr,4,Elgin,IL
3621,60609,Chicago - SWS - BP/BOTY,Home Depot 4555 S Western Blvd,2,Chicago,IL
3624,60632,Chicago - SWS - BP/BOTY,47th Rockwell,2,Chicago,IL
3627,60639,Chicago - NWS - Hermosa,Springfield North Ave,1,Chicago,IL
3630,60639,Chicago - NWS - Hermosa,Cook BrothersBurlington 1740 N Kostner Ave,1,Chicago,IL
3631,60636,Chicago - SWS,71st Damen,1,Chicago,IL
3633,60639,Chicago - SWS - Hermosa,Walmart N Ave W North Ave,4,Chicago,IL
3636,NA,Chicago - West or South side,Unclear,1,Chicago,IL
3649,NA,Chicago - Downtown,NA,1,Chicago,IL
3657,60609,Brighton Park/McKinley Park,Archer and Western,1,,
3665,60632,Brighton Park,47th and Western,5,,
3669,NA,Bensenville,NA,1,,
3672,60647,Chicago - Logan Square,Darwin elementary school Belden and Albany,1,Chicago,IL
3673,60619,Chicago - Downtown,89th and Baltimore,1,Chicago,IL
3674,60623,Chicago - North Lawndale,2848 W Cermak Rd,1,Chicago,IL
3677,60101,Addison,Lake St and Addison Rd,1,,
3679,60804,Cicero,79th and,1,Cicero,IL
3680,60634,Chicago - Belmont Cragin,2930 n central,1,Chicago,IL
3681,60540,Naperville,Menards 715 Fort Hill Dr Naperville,3,,
3682,46320,Indiana,na,1,,
3691,NA,Chicago,NA,1,Chicago,IL
3692,60804,Cicero,19th 47th Ave Alley The first alley east of on 19th Street,1,Cicero,IL
3709,60525,Hodgkins,4145456N 8751459W,1,,
3716,60647,Chicago - Logan Square,2524 N Linden Pl,1,Chicago,IL
3719,60617,Chicago - East Side,E 114th St S Green Bay Ave,1,Chicago,IL
3720,60501,Summit,Hwy 171 I55 Summit,4,,
3723,60617,Chicago - South Chicago,8333 S Houston Ave,1,Chicago,IL
3732,60616,Chicago - Pilsen,S Prairie Ave E 16th St,1,Chicago,IL
3743,60620,Chicago - Princeton Park,200232 W 87th St,1,Chicago,IL
3751,60632,Chicago - Brighton Park,4720 S California Ave,1,Chicago,IL
3753,60804,Cicero,Roosevelt Rd S Ave,2,Cicero,IL
3755,60406,Blue Island,Vermont St Irving Ave Blue Island,1,Blue Island,
3759,60707,Chicago - Belmont Cragin,W Grand Ave N Ave,1,Chicago,IL
3766,60639,Chicago - Belmont Craigan,Lavergne near FullertonLaramie,1,Chicago,IL
3767,60120,Elgin,904 Chippewa Drive,3,Elgin,IL
3768,60639,Chicago - Belmont Cragin,Fullerton,1,Chicago,IL
3771,60070,Prospect Heights,Apple Dr and Milwaukee Ave,2,,
3774,60632,West 54th and Pulaski,Midway,2,Chicago,IL
3776,NA,West Chicago,NA,12,Chicago,IL
3783,60453,Oak Lawn,103rd Street and Ave,2,,IL
3793,60453,Oak Lawn,S Ave,1,,IL
3803,60632,Chicago - Brighton Park,2611 W 48th St,1,Chicago,IL
3807,60432,Joliet,near City Hall,1,Joliet,
3809,NA,Carol Stream,NA,1,,
3810,NA,Roselle,NA,1,,
3812,60185,West Chicago,813 Main St West,1,Chicago,IL
3821,60426,Dixmoor,Robey Ave Dixmoor,1,,
3824,60609,Chicago - Back of the Yards,47th and Western,1,Chicago,IL
3826,60609,Chicago - Back of the Yards,47th and Western,1,Chicago,IL
3827,60185,West Chicago,Lester St and Neltnor,3,Chicago,IL
3841,60804,Chicago - Pilsen,2333 S Ave,1,Chicago,IL
3845,60623,Chicago - Little Village,31st and Harding,1,Chicago,IL
3846,60195,Schaumberg,Higgins and Golf Rd,1,,
3850,60623,Chicago - Little Village,S Harding Ave W 30th St,2,Chicago,IL
3852,60804,Cicero,Pershing,2,Cicero,IL
3856,60172,Roselle,47 W Irving Park,1,,
3860,60609,Chicago - Back of the Yards,47th and Paulina,4,Chicago,IL
3861,60609,Chicago - Pilsen,37th and Ashland,3,Chicago,IL
3879,60608,Chicago - Little Village,2646 W Cermak,1,Chicago,IL
3895,NA,Indiana,NA,1,,
3896,NA,Indiana,NA,1,,
3897,60194,Hoffman,Grazianos Market close to Gold and Walnut,1,,
3902,60632,Cicero,45th and,1,Cicero,IL
3909,60160,Melrose Park,River Forest on Ave,1,Chicago,IL
3911,60601,Chicago - Loop,State Lake,1,Chicago,IL
3919,60432,Joliet,Collins and Cass St,1,Joliet,
3920,60305,River Forest,Close to North Avenue and Harlem Avenue,2,,
3921,60608,Chicago - Little Village / Pilsen,Western Cermak,1,Chicago,IL
3950,60134,Geneva,Kane Co Courthouse 100 S 3rd St Geneva,1,,
3964,60120,Elgin,Locust St,1,Elgin,IL
4027,60623,Chicago - North Lawndale,S Homan Ave W 19th St,1,Chicago,IL
4031,60623,Chicago - Little Village,4457 W 26th St,1,Chicago,IL
4033,60804,Cicero,4749 West 26th Street 2601 S Ave,1,Cicero,IL
4039,60008,Rolling Meadows,Cook County Circuit Court 2121 Euclid Ave,1,Rolling Meadows,
4047,60602,Chicago - Loop,Richard J Daley Center 50 W Washington St,1,Chicago,IL
4054,60629,Chicago - Gage Park,Kedzie 55th Street,1,Chicago,IL
4057,60804,Cicero,S Laramie Ave 31st Pl,1,Cicero,IL
4092,NA,Chicago - Archer Heights,NA,1,Chicago,IL
4093,60632,Chicago - Brighton Park,4170 S Archer Ave,1,Chicago,IL
4094,60632,Chicago - Gage Park,Pulaski Archer,1,Chicago,IL
4104,60440,Bolingbrook,160 N Bolingbrook Dr Bolingbrook,1,,
4105,60632,Chicago - West Lawn/Midway airport area,53rd and Kostner,1,Chicago,IL
4116,60642,Orland Park,S 82nd Avenue Orland Park,1,,
4119,60651,Hermosa/Humboldt,4250 W Hirsch,1,,
4140,60607,Chicago - The Loop,555 W Harrison,2,Chicago,IL
4146,60137,Glen Ellyn,751 Roosevelt Rd,1,,
4155,60085,Waukegan,Green Bay Road and Washington Street,2,,
4164,60510,Batavia,Kirk Rd near Fermi,1,,
4178,60177,Kane County,Kane County Judicial Center,3,,
4186,60505,Aurora,Douglas Rd and Ashland,1,Aurora,
4190,60076,Skokie,Gross Point Park,1,Skokie,
4191,NA,Vernon Hills,NA,1,,
4196,60632,Brighton Park,4374 S Archer Ave,1,Chicago,IL
4197,60618,Chicago,Wilson and Hamlin,4,Chicago,IL
4200,60632,Chicago- Gage Park,Mozart St 55th St,1,Chicago,IL
4205,60632,Chicago - South Side,55th and Mozart,1,Chicago,IL
4213,60153,Maywood,1500 Maybrook Dr Maywood,1,,
4214,60432,Joliet,Will County Courthouse,1,Joliet,
4220,60623,Little Village,2634 S Ridgeway Ave,1,Chicago,IL
4224,60623,Chicago - Cicero,4542 W Cermak Rd,1,Cicero,IL
4226,60804,Chicago - Cicero,Cermak,1,Cicero,IL
4231,60707,Belmont Cragin,2728 N New England,1,,
4234,60651,Chicago,4000 W Grand Avenue,3,Chicago,IL
4250,60428,Markham,Markham Courthouse,1,,
4252,60625,Albany Park,N St Louis Ave W Lawrence Ave,1,Chicago,IL
4254,60160,Melrose Park,25thLake 736 N 25 Ave Melrose Park,1,,
4263,60432,Joliet,152198 Arch Ct In on Cass and Arch,1,Joliet,
4266,NA,Romeoville,NA,1,,
4268,60120,Elgin,Rays,3,Elgin,IL
4271,60506,Aurora,350 W Galena Blvd,1,Aurora,
4273,60639,Chicago - NWS,Laramie and Fullerton,1,Chicago,IL
4276,NA,Chicago,NA,1,Chicago,IL
4288,60505,Aurora,Front St and Beach St,2,Aurora,
4303,60120,Elgin,Gertrude and Washburn,1,Elgin,IL
4304,60657,Chicago,Melrose and Lockwood,1,Chicago,IL
4309,60804,Cicero,49th and 31st,1,Cicero,IL
4312,60804,Cicero,58th Ave and Cermak,1,Cicero,IL
4332,60120,Elgin,Spring and Seneca,1,Elgin,IL
4335,NA,Rockford,NA,3,,
4346,60506,Aurora,Randall West Apartments,1,Aurora,
4351,60120,Elgin,Maple St and Jane St,1,Elgin,IL
4354,60447,Minooka,1510 Cargo Lane,1,,
4359,NA,Waukegan,NA,1,,
4360,NA,Aurora,NA,1,Aurora,
4366,60457,Hickory Hills,8856 W 87th St,1,,
4368,60106,Bensenville,6000 Moms,1,,
4370,60616,Chicago - Chinatown,Princeton and Archer,3,Chicago,IL
4372,60804,Cicero,Home Depot,1,Cicero,IL
4373,NA,Bartlett,NA,1,,
4375,NA,Cortland,NA,1,,
4383,60639,Chicago - NWS,2311 N Keyston,1,Chicago,IL
4385,60632,Chicago - SWS,47th and Sacramento,1,Chicago,IL
4388,NA,Highwood,NA,1,,
4401,NA,Elgin,NA,1,Elgin,IL
4409,60137,Glen Ellyn,25 Briar St,1,,
4410,60632,Chicago - SWS,51st and Spaulding,2,Chicago,IL
4411,NA,Elgin,NA,1,Elgin,IL
4416,60804,Cicero,21st and 48th,1,Cicero,IL
4420,60632,Chicago - SWS,51st and St Louis,1,Chicago,IL
